<?xml version="1.0" encoding="UTF-8" standalone="yes"?>
<manifest>
  <control namespace="MultiTagControl" constructor="MultiTag" version="0.0.1" display-name-key="MultiTag" description-key="Store Multiple Values separated by a comma in the field" control-type="standard" api-version="1.1.0">
    <property name="TagValue" display-name-key="Field" description-key="Contains tagged values" of-type-group="text" usage="bound" required="true"/>
    <type-group name="text">
      <type>SingleLine.Text</type>
      <type>SingleLine.TextArea</type>
      <type>Multiple</type>
    </type-group>
    <resources>
      <code path="bundle.js" order="1"/>
      <css path="css/MultiTag.css" order="1"/>
    </resources>
    <built-by name="pac" version="0.3.4"/>
  </control>
</manifest>